N,Tempo_Gradiente_ms,Tempo_Residuo_ms
32,0.00141148,0.0013890006
64,0.0065376401,0.0063359998
128,0.02747592,0.027114999
256,0.0575806,0.057158999
512,0.25808672,0.263403
1000,1.029776,1.022626
2000,4.2385143,4.216103
4000,16.971138,16.971732
8000,68.341969,68.321938
9000,86.60917,86.537608
10000,107.16661,107.14807
20000,382.028804,384.130732
