N,Tempo_Gradiente_ms,Tempo_Residuo_ms
32,0.00063852072,0.00091898441
64,0.0028513598,0.0024199486
128,0.011219759,0.01098305
256,0.05970516,0.058376014
512,0.23552872,0.25363004
1000,0.89729652,0.91557801
