N,Tempo_Gradiente_ms,Tempo_Residuo_ms
32,0.00084064007,0.00045102835
64,0.0013001609,0.00081598759
128,0.0023017597,0.0012590289
256,0.0036297202,0.0022429824
512,0.0076904011,0.0069839954
1000,0.01279496,0.0083500147
