N,Tempo_Gradiente_ms,Tempo_Residuo_ms
32,0.0011208797,0.0013419986
64,0.002229321,0.0021790266
128,0.0048421192,0.003764987
256,0.00923352,0.0072190166
512,0.018707559,0.013662994
1000,0.035684681,0.025958002
